,name,accuracy,precision,recall,f1,duration_s
0,IoT_2020-ARF-ADWIN,98.63,98.35000000000001,88.77000000000001,92.97,0.941878080368042
1,IoT_2020-ARF-DDM,97.28,90.67,82.37,85.98,1.1081180572509766
2,IoT_2020-AMF,95.91,96.41999999999999,64.72,71.56,12.467401027679443
3,IoT_2020-EFDT,97.3,95.62,78.14999999999999,84.56,3.232567071914673
4,IoT_2020-HAT,95.28999999999999,86.64,62.21,67.60000000000001,0.5832681655883789
5,IoT_2020-HTC,95.1,81.72,63.27,68.19,0.43203091621398926
6,IoT_2020-SGT,95.84,91.35,66.0,72.45,2.2398557662963867
7,IoT_2020-ADWIN-BA-HT,95.56,89.87,63.660000000000004,69.64,1.4642038345336914
8,IoT_2020-ADWIN-BO-HT,95.52000000000001,91.07,62.77,68.69,1.5303711891174316
9,IoT_2020-ADA-HT,95.75,90.72,65.36999999999999,71.67,1.5627901554107666
10,IoT_2020-BOLE-HT,96.61,89.27000000000001,76.03,81.12,1.4122788906097412
11,IoT_2020-BAG-HT,95.43,84.85000000000001,65.34,70.81,1.2638468742370605
12,IoT_2020-LEVBAG-HT,97.44,91.41,83.33,86.87,5.895384073257446
13,IoT_2020-SRP-HT,97.96000000000001,98.71,82.28999999999999,88.64,4.778558969497681
14,IoT_2020-SRP-ADWIN,98.77,97.61999999999999,90.74,93.88,4.644850969314575
15,IoT_2020-SRP-DDM,98.86,98.35000000000001,90.94,94.28999999999999,4.538126230239868
16,IoT_2020-ARF-ADWIN,98.97,98.76,91.58,94.85,1.1666069030761719
17,IoT_2020-ARF-DDM,98.67,97.85000000000001,89.52,93.24,1.404515027999878
18,IoT_2020-AMF,97.89,98.44000000000001,81.81,88.2,15.729488134384155
19,IoT_2020-EFDT,98.9,98.71,90.96,94.46,4.922534942626953
20,IoT_2020-HAT,98.05,92.38,88.9,90.55,0.662811279296875
21,IoT_2020-HTC,98.33,94.59,89.34,91.78,0.4065248966217041
22,IoT_2020-SGT,98.52,97.39,88.57000000000001,92.47,2.7029240131378174
23,IoT_2020-ADWIN-BA-HT,96.87,95.73,73.98,81.08,1.3945441246032715
24,IoT_2020-ADWIN-BO-HT,95.66,84.92,68.53,73.87,1.6641840934753418
25,IoT_2020-ADA-HT,98.05,90.49000000000001,91.67,91.07,1.471693754196167
26,IoT_2020-BOLE-HT,97.99,89.72,92.36999999999999,91.0,1.4564857482910156
27,IoT_2020-BAG-HT,98.21,94.97,87.67,90.95,1.1932342052459717
28,IoT_2020-LEVBAG-HT,99.06,97.57000000000001,93.52000000000001,95.44,5.691421031951904
29,IoT_2020-SRP-HT,98.00999999999999,94.99,85.67,89.72,4.66052508354187
30,IoT_2020-SRP-ADWIN,99.11,99.53,92.24,95.56,6.13130784034729
31,IoT_2020-SRP-DDM,99.27,98.8,94.36,96.46000000000001,5.657822132110596
32,IoT_2020-ARF-ADWIN,99.42999999999999,99.53999999999999,95.17999999999999,97.24000000000001,1.1041309833526611
33,IoT_2020-ARF-DDM,99.15,98.4,93.57,95.84,1.3970861434936523
34,IoT_2020-AMF,99.09,99.52,92.08,95.46,16.562429189682007
35,IoT_2020-EFDT,98.42,92.32000000000001,93.17999999999999,92.74,4.265223979949951
36,IoT_2020-HAT,98.00999999999999,92.43,88.44,90.32,0.6503169536590576
37,IoT_2020-HTC,98.6,96.81,89.77000000000001,92.97,0.4080939292907715
38,IoT_2020-SGT,98.61,98.34,88.62,92.86,2.298342227935791
39,IoT_2020-ADWIN-BA-HT,96.32,96.53,68.44,75.78,1.4419269561767578
40,IoT_2020-ADWIN-BO-HT,95.95,92.63,66.49000000000001,73.15,1.5900771617889404
41,IoT_2020-ADA-HT,98.47,93.46,92.19000000000001,92.81,1.5361621379852295
42,IoT_2020-BOLE-HT,98.81,94.31,94.69999999999999,94.51,1.4865169525146484
43,IoT_2020-BAG-HT,98.47,95.76,89.56,92.41,1.2134959697723389
44,IoT_2020-LEVBAG-HT,99.32,99.15,94.54,96.72,5.848557949066162
45,IoT_2020-SRP-HT,98.21,94.54,88.11,91.03999999999999,4.513067007064819
46,IoT_2020-SRP-ADWIN,99.31,99.31,94.24,96.61,7.363554000854492
47,IoT_2020-SRP-DDM,99.48,99.41,95.78999999999999,97.52,5.646130800247192
48,IoT_2020-ARF-ADWIN,99.52,99.59,95.95,97.69,0.8933367729187012
49,IoT_2020-ARF-DDM,99.4,98.89,95.45,97.1,1.4210600852966309
50,IoT_2020-AMF,99.5,99.74,95.65,97.6,16.722309827804565
51,IoT_2020-EFDT,98.47,94.66,90.73,92.58999999999999,4.043458938598633
52,IoT_2020-HAT,98.00999999999999,92.55,88.3,90.29,0.6404109001159668
53,IoT_2020-HTC,98.74000000000001,97.59,90.42999999999999,93.67999999999999,0.394273042678833
54,IoT_2020-SGT,98.61,98.34,88.62,92.86,2.0927071571350098
55,IoT_2020-ADWIN-BA-HT,97.53,97.00999999999999,79.44,85.96000000000001,1.4807260036468506
56,IoT_2020-ADWIN-BO-HT,98.1,92.15,89.8,90.94,1.4943392276763916
57,IoT_2020-ADA-HT,98.77,96.41,91.91,94.03,1.5466721057891846
58,IoT_2020-BOLE-HT,99.25,98.48,94.5,96.39,1.6527678966522217
59,IoT_2020-BAG-HT,98.67,97.36,89.96,93.30000000000001,1.219848871231079
60,IoT_2020-LEVBAG-HT,99.42999999999999,99.38,95.32000000000001,97.25,5.684514999389648
61,IoT_2020-SRP-HT,98.50999999999999,95.66,90.02,92.63,4.4466211795806885
62,IoT_2020-SRP-ADWIN,99.45,99.71,95.19,97.33000000000001,5.4516661167144775
63,IoT_2020-SRP-DDM,99.48,99.41,95.78999999999999,97.52,5.702632188796997
64,IoT_2020-ARF-ADWIN,99.56,99.61,96.26,97.87,0.9120111465454102
65,IoT_2020-ARF-DDM,99.48,99.25,95.93,97.53,1.636307954788208
66,IoT_2020-AMF,99.72,99.85000000000001,97.52,98.65,16.532152891159058
67,IoT_2020-EFDT,98.95,96.2,93.89999999999999,95.02000000000001,4.428881883621216
68,IoT_2020-HAT,98.00999999999999,92.55,88.3,90.29,0.6454858779907227
69,IoT_2020-HTC,98.74000000000001,97.59,90.42999999999999,93.67999999999999,0.39545178413391113
70,IoT_2020-SGT,98.61,98.34,88.62,92.86,1.9673857688903809
71,IoT_2020-ADWIN-BA-HT,96.64,93.11,73.28,79.88,1.5024583339691162
72,IoT_2020-ADWIN-BO-HT,98.52,96.12,89.74,92.66,1.5309569835662842
73,IoT_2020-ADA-HT,99.4,99.03999999999999,95.3,97.09,1.3187119960784912
74,IoT_2020-BOLE-HT,99.24,98.17,94.64,96.32,1.513848066329956
75,IoT_2020-BAG-HT,98.77,98.11,90.31,93.82000000000001,1.1269152164459229
76,IoT_2020-LEVBAG-HT,99.42999999999999,99.38,95.32000000000001,97.25,5.6552040576934814
77,IoT_2020-SRP-HT,99.42999999999999,99.07000000000001,95.61,97.27,4.377691984176636
78,IoT_2020-SRP-ADWIN,99.45,99.71,95.19,97.33000000000001,4.527137994766235
79,IoT_2020-SRP-DDM,99.56,99.45,96.41,97.88,7.054193735122681
80,IoT_2020-ARF-ADWIN,99.61,99.48,96.88,98.14,0.98270583152771
81,IoT_2020-ARF-DDM,99.53999999999999,99.29,96.39999999999999,97.78999999999999,1.415349006652832
82,IoT_2020-AMF,99.77000000000001,99.88,97.98,98.91,16.546160221099854
83,IoT_2020-EFDT,99.0,96.53,94.08,95.26,4.440764904022217
84,IoT_2020-HAT,98.72,98.24000000000001,89.7,93.5,0.598107099533081
85,IoT_2020-HTC,98.74000000000001,97.59,90.42999999999999,93.67999999999999,0.39283013343811035
86,IoT_2020-SGT,98.61,98.34,88.62,92.86,2.1631650924682617
87,IoT_2020-ADWIN-BA-HT,96.8,94.36,74.09,80.87,1.4983577728271484
88,IoT_2020-ADWIN-BO-HT,98.54,96.28999999999999,89.75,92.74,1.5500242710113525
89,IoT_2020-ADA-HT,99.5,99.27,96.09,97.61999999999999,1.390002965927124
90,IoT_2020-BOLE-HT,99.18,96.09,96.36,96.22,1.4578711986541748
91,IoT_2020-BAG-HT,98.77,98.11,90.31,93.82000000000001,1.1610801219940186
92,IoT_2020-LEVBAG-HT,99.42999999999999,99.38,95.32000000000001,97.25,6.000104904174805
93,IoT_2020-SRP-HT,99.45,98.78,96.06,97.37,4.95930027961731
94,IoT_2020-SRP-ADWIN,99.45,99.71,95.19,97.33000000000001,4.502898216247559
95,IoT_2020-SRP-DDM,99.57000000000001,99.46000000000001,96.57,97.96000000000001,6.9667809009552
96,IoT_2020-ARF-ADWIN,99.63,99.65,96.88,98.22,1.0387499332427979
97,IoT_2020-ARF-DDM,99.63,99.49,97.03,98.22999999999999,1.4193248748779297
98,IoT_2020-AMF,99.77000000000001,99.88,97.98,98.91,16.513826847076416
99,IoT_2020-EFDT,99.02,96.67999999999999,94.08999999999999,95.34,4.087120056152344
100,IoT_2020-HAT,98.83,99.39,89.75,93.97999999999999,0.6119186878204346
101,IoT_2020-HTC,98.74000000000001,97.59,90.42999999999999,93.67999999999999,0.3984801769256592
102,IoT_2020-SGT,98.61,98.34,88.62,92.86,2.739737033843994
103,IoT_2020-ADWIN-BA-HT,95.5,95.16,61.3,67.13,1.473785161972046
104,IoT_2020-ADWIN-BO-HT,98.26,96.44,86.82,91.0,1.5051488876342773
105,IoT_2020-ADA-HT,99.83999999999999,99.77000000000001,98.75,99.25,1.3971760272979736
106,IoT_2020-BOLE-HT,99.53999999999999,98.83999999999999,96.84,97.81,1.4486150741577148
107,IoT_2020-BAG-HT,98.79,97.96000000000001,90.61,93.94,1.147819995880127
108,IoT_2020-LEVBAG-HT,99.42999999999999,99.38,95.32000000000001,97.25,5.7158191204071045
109,IoT_2020-SRP-HT,99.2,98.75,93.74,96.09,5.544874906539917
110,IoT_2020-SRP-ADWIN,99.45,99.71,95.19,97.33000000000001,4.662554979324341
111,IoT_2020-SRP-DDM,99.57000000000001,99.46000000000001,96.57,97.96000000000001,7.256515026092529
112,IoT_2020-ARF-ADWIN,99.66000000000001,99.67,97.2,98.4,1.0320429801940918
113,IoT_2020-ARF-DDM,99.64,99.5,97.19,98.31,1.3672137260437012
114,IoT_2020-AMF,99.82,99.91,98.45,99.16,16.690337896347046
115,IoT_2020-EFDT,99.13,98.08,93.7,95.77,4.142092943191528
116,IoT_2020-HAT,98.83,99.39,89.75,93.97999999999999,0.622222900390625
117,IoT_2020-HTC,98.74000000000001,97.59,90.42999999999999,93.67999999999999,0.3952491283416748
118,IoT_2020-SGT,98.61,98.34,88.62,92.86,2.116295099258423
119,IoT_2020-ADWIN-BA-HT,96.57,91.86999999999999,73.39,79.69000000000001,1.6959259510040283
120,IoT_2020-ADWIN-BO-HT,95.54,92.75999999999999,62.339999999999996,68.31,1.644711971282959
121,IoT_2020-ADA-HT,99.83999999999999,99.62,98.89,99.25,1.39737868309021
122,IoT_2020-BOLE-HT,99.7,99.09,98.09,98.59,1.509275197982788
123,IoT_2020-BAG-HT,98.9,98.05,91.53999999999999,94.53,1.1191680431365967
124,IoT_2020-LEVBAG-HT,99.42999999999999,99.38,95.32000000000001,97.25,5.6982481479644775
125,IoT_2020-SRP-HT,99.32,99.64,94.1,96.69,5.3503577709198
126,IoT_2020-SRP-ADWIN,99.47,99.72,95.34,97.42,4.541316032409668
127,IoT_2020-SRP-DDM,99.57000000000001,99.46000000000001,96.57,97.96000000000001,6.8382792472839355
128,IoT_2020-ARF-ADWIN,99.68,99.83,97.2,98.48,0.9973912239074707
129,IoT_2020-ARF-DDM,99.64,99.5,97.19,98.31,1.361659049987793
130,IoT_2020-AMF,99.88,99.92999999999999,98.91,99.42,16.639834880828857
131,IoT_2020-EFDT,98.92999999999999,96.31,93.60000000000001,94.91000000000001,4.184799671173096
132,IoT_2020-HAT,98.83,99.39,89.75,93.97999999999999,0.6106610298156738
133,IoT_2020-HTC,98.74000000000001,97.59,90.42999999999999,93.67999999999999,0.3949270248413086
134,IoT_2020-SGT,98.61,98.34,88.62,92.86,2.892061948776245
135,IoT_2020-ADWIN-BA-HT,97.1,93.28,77.9,83.72,1.5143396854400635
136,IoT_2020-ADWIN-BO-HT,97.81,92.55,86.15,89.05,1.7005159854888916
137,IoT_2020-ADA-HT,99.91,99.52,99.66000000000001,99.59,1.3915269374847412
138,IoT_2020-BOLE-HT,99.79,99.44,98.57000000000001,99.0,1.5047829151153564
139,IoT_2020-BAG-HT,98.92,98.06,91.69,94.62,1.1213140487670898
140,IoT_2020-LEVBAG-HT,99.42999999999999,99.38,95.32000000000001,97.25,5.699905157089233
141,IoT_2020-SRP-HT,99.42999999999999,99.7,95.03,97.24000000000001,4.932033061981201
142,IoT_2020-SRP-ADWIN,99.4,99.68,94.72,97.05,4.632249116897583
143,IoT_2020-SRP-DDM,99.61,99.48,96.88,98.14,6.898096084594727
144,IoT_2020-ARF-ADWIN,99.56,99.77000000000001,96.12,97.86,0.8396763801574707
145,IoT_2020-ARF-DDM,99.64,99.5,97.19,98.31,1.3747479915618896
146,IoT_2020-AMF,99.89,99.94,99.07000000000001,99.5,16.582189083099365
147,IoT_2020-EFDT,99.09,99.52,92.08,95.46,4.129943132400513
148,IoT_2020-HAT,98.83,99.39,89.75,93.97999999999999,0.6181237697601318
149,IoT_2020-HTC,98.74000000000001,97.59,90.42999999999999,93.67999999999999,0.3964579105377197
150,IoT_2020-SGT,98.61,98.34,88.62,92.86,2.606304168701172
151,IoT_2020-ADWIN-BA-HT,96.59,94.73,71.78999999999999,78.86,1.4889228343963623
152,IoT_2020-ADWIN-BO-HT,95.59,86.44,66.16,71.89,1.6361539363861084
153,IoT_2020-ADA-HT,99.86,99.48,99.2,99.33999999999999,1.3742449283599854
154,IoT_2020-BOLE-HT,99.7,99.24,97.94,98.58,1.54402494430542
155,IoT_2020-BAG-HT,98.92,98.06,91.69,94.62,1.1534831523895264
156,IoT_2020-LEVBAG-HT,99.42999999999999,99.38,95.32000000000001,97.25,5.660476207733154
157,IoT_2020-SRP-HT,99.59,99.63,96.57,98.05,4.703050136566162
158,IoT_2020-SRP-ADWIN,99.4,99.68,94.72,97.05,5.3562538623809814
159,IoT_2020-SRP-DDM,99.61,99.48,96.88,98.14,6.996881008148193
160,IoT_2020-ARF-ADWIN,99.59,99.78,96.43,98.04,0.8622379302978516
161,IoT_2020-ARF-DDM,99.63,99.33999999999999,97.18,98.22999999999999,1.3515779972076416
162,IoT_2020-AMF,99.89,99.94,99.07000000000001,99.5,16.47656011581421
163,IoT_2020-EFDT,99.09,99.52,92.08,95.46,4.155059099197388
164,IoT_2020-HAT,98.83,99.39,89.75,93.97999999999999,0.6207778453826904
165,IoT_2020-HTC,98.74000000000001,97.59,90.42999999999999,93.67999999999999,0.4025850296020508
166,IoT_2020-SGT,98.61,98.34,88.62,92.86,2.4632391929626465
167,IoT_2020-ADWIN-BA-HT,97.19,95.25,77.36,83.83,1.4379022121429443
168,IoT_2020-ADWIN-BO-HT,95.82000000000001,90.16999999999999,66.43,72.74000000000001,1.5997717380523682
169,IoT_2020-ADA-HT,99.66000000000001,97.58,99.38,98.46000000000001,1.3753118515014648
170,IoT_2020-BOLE-HT,99.91,99.95,99.22,99.59,1.4832229614257812
171,IoT_2020-BAG-HT,98.92,98.06,91.69,94.62,1.153573989868164
172,IoT_2020-LEVBAG-HT,99.42999999999999,99.38,95.32000000000001,97.25,5.641734838485718
173,IoT_2020-SRP-HT,99.57000000000001,99.77000000000001,96.27,97.95,4.471077919006348
174,IoT_2020-SRP-ADWIN,99.7,99.83999999999999,97.36,98.56,4.450859785079956
175,IoT_2020-SRP-DDM,99.63,99.65,96.88,98.22,6.844299077987671
176,IoT_2020-ARF-ADWIN,99.61,99.79,96.58,98.13,0.867729902267456
177,IoT_2020-ARF-DDM,99.64,99.5,97.19,98.31,1.3511240482330322
178,IoT_2020-AMF,99.89,99.94,99.07000000000001,99.5,16.606321811676025
179,IoT_2020-EFDT,99.09,99.52,92.08,95.46,4.132389068603516
180,IoT_2020-HAT,98.83,99.39,89.75,93.97999999999999,0.6108987331390381
181,IoT_2020-HTC,98.72,97.25,90.57,93.62,0.39993786811828613
182,IoT_2020-SGT,98.61,98.34,88.62,92.86,2.80958890914917
183,IoT_2020-ADWIN-BA-HT,97.25,92.71000000000001,79.86999999999999,85.0,1.4295649528503418
184,IoT_2020-ADWIN-BO-HT,97.76,94.78,83.35000000000001,88.12,1.5477402210235596
185,IoT_2020-ADA-HT,99.91,99.38,99.81,99.59,1.3945038318634033
186,IoT_2020-BOLE-HT,99.91,99.95,99.22,99.59,1.5632989406585693
187,IoT_2020-BAG-HT,98.92,98.06,91.69,94.62,1.149500846862793
188,IoT_2020-LEVBAG-HT,99.42999999999999,99.38,95.32000000000001,97.25,5.672425985336304
189,IoT_2020-SRP-HT,99.56,99.77000000000001,96.12,97.86,4.448608160018921
190,IoT_2020-SRP-ADWIN,99.72999999999999,99.86,97.67,98.74000000000001,4.5041327476501465
191,IoT_2020-SRP-DDM,99.63,99.65,96.88,98.22,6.990470886230469
192,IoT_2020-ARF-ADWIN,99.42999999999999,99.38,95.32000000000001,97.25,0.8502929210662842
193,IoT_2020-ARF-DDM,99.68,99.68,97.35000000000001,98.48,1.3981170654296875
194,IoT_2020-AMF,99.89,99.94,99.07000000000001,99.5,16.674458742141724
195,IoT_2020-EFDT,99.31,99.47,94.08999999999999,96.6,3.9151790142059326
196,IoT_2020-HAT,98.83,99.39,89.75,93.97999999999999,0.6102211475372314
197,IoT_2020-HTC,98.72,94.41000000000001,93.63,94.02000000000001,0.398850679397583
198,IoT_2020-SGT,98.61,98.34,88.62,92.86,2.4991629123687744
199,IoT_2020-ADWIN-BA-HT,96.45,93.64,70.99,77.89,1.5140659809112549
200,IoT_2020-ADWIN-BO-HT,94.99,78.46,66.86,70.93,1.5769619941711426
201,IoT_2020-ADA-HT,99.92999999999999,99.53,99.82,99.67,1.4018619060516357
202,IoT_2020-BOLE-HT,99.92999999999999,99.96000000000001,99.38,99.67,1.463582992553711
203,IoT_2020-BAG-HT,98.92,98.06,91.69,94.62,1.1313300132751465
204,IoT_2020-LEVBAG-HT,99.42999999999999,99.38,95.32000000000001,97.25,5.657806873321533
205,IoT_2020-SRP-HT,99.56,99.61,96.26,97.87,4.16985011100769
206,IoT_2020-SRP-ADWIN,99.77000000000001,99.88,97.98,98.91,4.489441871643066
207,IoT_2020-SRP-DDM,99.63,99.65,96.88,98.22,6.913904905319214
208,IoT_2020-ARF-ADWIN,99.47,99.72,95.34,97.42,0.888653039932251
209,IoT_2020-ARF-DDM,99.64,99.5,97.19,98.31,1.387944221496582
210,IoT_2020-AMF,99.91,99.95,99.22,99.59,16.705699682235718
211,IoT_2020-EFDT,99.33999999999999,99.49,94.39999999999999,96.78999999999999,3.7958908081054688
212,IoT_2020-HAT,98.92,99.42999999999999,90.53,94.48,0.6192409992218018
213,IoT_2020-HTC,98.81,94.89,93.97,94.43,0.3922550678253174
214,IoT_2020-SGT,98.61,98.34,88.62,92.86,2.66324782371521
215,IoT_2020-ADWIN-BA-HT,97.21,93.67,78.68,84.43,1.5125236511230469
216,IoT_2020-ADWIN-BO-HT,97.53,95.53,80.46,86.31,1.6063311100006104
217,IoT_2020-ADA-HT,99.89,99.09,99.94,99.51,1.4117088317871094
218,IoT_2020-BOLE-HT,99.92999999999999,99.96000000000001,99.38,99.67,1.480384111404419
219,IoT_2020-BAG-HT,98.95,98.92,91.28,94.73,1.115900993347168
220,IoT_2020-LEVBAG-HT,99.42999999999999,99.38,95.32000000000001,97.25,5.695344924926758
221,IoT_2020-SRP-HT,99.57000000000001,99.62,96.41999999999999,97.96000000000001,4.128720998764038
222,IoT_2020-SRP-ADWIN,99.77000000000001,99.88,97.98,98.91,4.472569942474365
223,IoT_2020-SRP-DDM,99.64,99.66000000000001,97.04,98.31,7.031882047653198
224,IoT_2020-ARF-ADWIN,99.56,99.45,96.41,97.88,0.9050989151000977
225,IoT_2020-ARF-DDM,99.64,99.5,97.19,98.31,1.3727381229400635
226,IoT_2020-AMF,99.92999999999999,99.96000000000001,99.38,99.67,16.9696147441864
227,IoT_2020-EFDT,99.33999999999999,99.49,94.39999999999999,96.78999999999999,3.8250558376312256
228,IoT_2020-HAT,98.7,96.33,91.29,93.64,0.6225628852844238
229,IoT_2020-HTC,98.83999999999999,94.94,94.28,94.61,0.40404796600341797
230,IoT_2020-SGT,98.61,98.34,88.62,92.86,2.7179219722747803
231,IoT_2020-ADWIN-BA-HT,98.13,92.89,89.24,90.97,1.5084569454193115
232,IoT_2020-ADWIN-BO-HT,96.96000000000001,90.4,78.99000000000001,83.63000000000001,1.6319999694824219
233,IoT_2020-ADA-HT,99.95,99.53999999999999,99.97,99.75,1.3717682361602783
234,IoT_2020-BOLE-HT,99.92999999999999,99.96000000000001,99.38,99.67,1.5733239650726318
235,IoT_2020-BAG-HT,98.99,99.29,91.29,94.89,1.1622929573059082
236,IoT_2020-LEVBAG-HT,99.42999999999999,99.38,95.32000000000001,97.25,5.857676029205322
237,IoT_2020-SRP-HT,99.57000000000001,99.62,96.41999999999999,97.96000000000001,4.287390947341919
238,IoT_2020-SRP-ADWIN,99.77000000000001,99.88,97.98,98.91,4.570680856704712
239,IoT_2020-SRP-DDM,99.64,99.66000000000001,97.04,98.31,7.092537879943848
240,IoT_2020-ARF-ADWIN,99.57000000000001,99.77000000000001,96.27,97.95,0.8921349048614502
241,IoT_2020-ARF-DDM,99.68,99.52,97.5,98.49,1.408876657485962
242,IoT_2020-AMF,99.95,99.97,99.53,99.75,16.685763120651245
243,IoT_2020-EFDT,99.33999999999999,99.49,94.39999999999999,96.78999999999999,3.7717132568359375
244,IoT_2020-HAT,98.83,99.39,89.75,93.97999999999999,0.6367678642272949
245,IoT_2020-HTC,98.83999999999999,94.94,94.28,94.61,0.4093790054321289
246,IoT_2020-SGT,98.61,98.34,88.62,92.86,2.4580819606781006
247,IoT_2020-ADWIN-BA-HT,98.06,91.17,90.8,90.98,1.5281658172607422
248,IoT_2020-ADWIN-BO-HT,95.5,89.0,63.49,69.34,1.690443992614746
249,IoT_2020-ADA-HT,99.98,99.85000000000001,99.99,99.92,1.4255201816558838
250,IoT_2020-BOLE-HT,99.92999999999999,99.96000000000001,99.38,99.67,1.5468599796295166
251,IoT_2020-BAG-HT,99.02,99.31,91.61,95.09,1.1733179092407227
252,IoT_2020-LEVBAG-HT,99.42999999999999,99.38,95.32000000000001,97.25,5.831916093826294
253,IoT_2020-SRP-HT,99.57000000000001,99.62,96.41999999999999,97.96000000000001,4.195317983627319
254,IoT_2020-SRP-ADWIN,99.77000000000001,99.88,97.98,98.91,4.623544216156006
255,IoT_2020-SRP-DDM,99.64,99.66000000000001,97.04,98.31,7.50770378112793
256,IoT_2020-ARF-ADWIN,99.48,99.72999999999999,95.5,97.50999999999999,0.8932812213897705
257,IoT_2020-ARF-DDM,99.68,99.52,97.5,98.49,1.39103102684021
258,IoT_2020-AMF,99.95,99.97,99.53,99.75,17.490478038787842
259,IoT_2020-EFDT,99.33999999999999,99.49,94.39999999999999,96.78999999999999,3.7761261463165283
260,IoT_2020-HAT,99.13,99.53999999999999,92.39,95.65,0.6356339454650879
261,IoT_2020-HTC,98.83999999999999,94.94,94.28,94.61,0.4017791748046875
262,IoT_2020-SGT,98.61,98.34,88.62,92.86,2.9802370071411133
263,IoT_2020-ADWIN-BA-HT,98.74000000000001,97.59,90.42999999999999,93.67999999999999,1.3902599811553955
264,IoT_2020-ADWIN-BO-HT,97.25,95.33,77.83,84.23,1.7281677722930908
265,IoT_2020-ADA-HT,99.98,99.85000000000001,99.99,99.92,1.441795825958252
266,IoT_2020-BOLE-HT,99.92999999999999,99.96000000000001,99.38,99.67,1.5766499042510986
267,IoT_2020-BAG-HT,99.16,99.39,92.85,95.86,1.1832869052886963
268,IoT_2020-LEVBAG-HT,99.5,99.42,95.94,97.61,5.884663820266724
269,IoT_2020-SRP-HT,99.57000000000001,99.62,96.41999999999999,97.96000000000001,4.496694087982178
270,IoT_2020-SRP-ADWIN,99.75,99.87,97.83,98.82,4.628691911697388
271,IoT_2020-SRP-DDM,99.66000000000001,99.67,97.2,98.4,8.672409772872925
272,IoT_2020-ARF-ADWIN,99.48,99.72999999999999,95.5,97.50999999999999,0.993920087814331
273,IoT_2020-ARF-DDM,99.68,99.52,97.5,98.49,1.5425968170166016
274,IoT_2020-AMF,99.95,99.97,99.53,99.75,19.029054164886475
275,IoT_2020-EFDT,99.33999999999999,99.49,94.39999999999999,96.78999999999999,4.011108160018921
276,IoT_2020-HAT,99.18,99.57000000000001,92.86,95.94,0.6239087581634521
277,IoT_2020-HTC,98.83999999999999,94.94,94.28,94.61,0.4020109176635742
278,IoT_2020-SGT,98.61,98.34,88.62,92.86,2.8425207138061523
279,IoT_2020-ADWIN-BA-HT,98.76,96.67999999999999,91.46,93.89999999999999,1.458406925201416
280,IoT_2020-ADWIN-BO-HT,94.76,75.75,74.32,75.01,1.665456771850586
281,IoT_2020-ADA-HT,99.98,99.85000000000001,99.99,99.92,1.429710865020752
282,IoT_2020-BOLE-HT,99.91,99.81,99.37,99.59,1.6281919479370117
283,IoT_2020-BAG-HT,99.36,99.5,94.56,96.88,1.4334757328033447
284,IoT_2020-LEVBAG-HT,99.52,99.42999999999999,96.1,97.7,6.25931191444397
285,IoT_2020-SRP-HT,99.57000000000001,99.62,96.41999999999999,97.96000000000001,5.166199207305908
286,IoT_2020-SRP-ADWIN,99.75,99.87,97.83,98.82,5.717007160186768
287,IoT_2020-SRP-DDM,99.66000000000001,99.67,97.2,98.4,10.24441385269165
288,IoT_2020-ARF-ADWIN,99.48,99.72999999999999,95.5,97.50999999999999,1.0786471366882324
289,IoT_2020-ARF-DDM,99.68,99.52,97.5,98.49,1.70737886428833
290,IoT_2020-AMF,99.95,99.97,99.53,99.75,21.359975814819336
291,IoT_2020-EFDT,99.33999999999999,99.49,94.39999999999999,96.78999999999999,4.7098188400268555
292,IoT_2020-HAT,99.18,99.57000000000001,92.86,95.94,0.7873809337615967
293,IoT_2020-HTC,98.83999999999999,94.94,94.28,94.61,0.4802391529083252
294,IoT_2020-SGT,98.61,98.34,88.62,92.86,3.6728172302246094
295,IoT_2020-ADWIN-BA-HT,98.03,93.31,87.58,90.21000000000001,1.7218077182769775
296,IoT_2020-ADWIN-BO-HT,96.85000000000001,88.08,80.54,83.83,1.9753341674804688
297,IoT_2020-ADA-HT,99.98,99.85000000000001,99.99,99.92,2.115684986114502
298,IoT_2020-BOLE-HT,99.91,99.81,99.37,99.59,2.06197190284729
299,IoT_2020-BAG-HT,99.38,99.51,94.71000000000001,96.97,1.6806919574737549
300,IoT_2020-LEVBAG-HT,99.42999999999999,99.38,95.32000000000001,97.25,7.164835214614868
301,IoT_2020-SRP-HT,99.59,99.78,96.43,98.04,5.58945631980896
302,IoT_2020-SRP-ADWIN,99.75,99.87,97.83,98.82,5.650749921798706
303,IoT_2020-SRP-DDM,99.68,99.83,97.2,98.48,10.706022024154663
304,IoT_2020-ARF-ADWIN,99.48,99.72999999999999,95.5,97.50999999999999,1.042017936706543
305,IoT_2020-ARF-DDM,99.68,99.52,97.5,98.49,1.8420979976654053
306,IoT_2020-AMF,99.95,99.97,99.53,99.75,20.93945598602295
307,IoT_2020-EFDT,99.33999999999999,99.49,94.39999999999999,96.78999999999999,4.739274024963379
308,IoT_2020-HAT,99.16,99.39,92.85,95.86,0.7980329990386963
309,IoT_2020-HTC,98.83999999999999,94.94,94.28,94.61,0.5380511283874512
310,IoT_2020-SGT,98.61,98.34,88.62,92.86,3.679140090942383
311,IoT_2020-ADWIN-BA-HT,98.22,94.03,88.85,91.25,1.7552707195281982
312,IoT_2020-ADWIN-BO-HT,96.37,85.52,77.95,81.21000000000001,1.8822650909423828
313,IoT_2020-ADA-HT,99.98,99.85000000000001,99.99,99.92,1.7668218612670898
314,IoT_2020-BOLE-HT,99.91,99.81,99.37,99.59,1.8335506916046143
315,IoT_2020-BAG-HT,99.38,99.51,94.71000000000001,96.97,1.422286033630371
316,IoT_2020-LEVBAG-HT,99.42999999999999,99.38,95.32000000000001,97.25,6.963731050491333
317,IoT_2020-SRP-HT,99.59,99.78,96.43,98.04,4.954895257949829
318,IoT_2020-SRP-ADWIN,99.75,99.87,97.83,98.82,5.642561197280884
319,IoT_2020-SRP-DDM,99.68,99.83,97.2,98.48,10.241144180297852
